id,date,hap,age,sqft,saleval,spell,fdummy,sdummy
040.14.06.005.00,9/1/16,0,4.976733742,6.946975992,11.37710574,5,1,0
040.14.14.021.00,7/1/16,0,4.779123493,6.839476438,10.54534144,36,0,0
040.23.03.003.00,8/1/16,0,4.060443011,8.040446881,12.5270686,36,0,0
040.30.00.001.13,2/1/16,0,3.091042453,7.473069088,11.79433792,36,0,0
040.30.00.001.13,2/1/16,0,3.091042453,7.473069088,11.79433792,36,0,0
040.30.00.001.14,8/1/16,0,3.135494216,7.552762084,12.15477935,36,0,0
040.30.00.044.00,10/1/16,0,4.094344562,7.874739125,12.88156489,36,0,0
040.32.05.002.01,10/1/16,0,4.543294782,8.006700845,13.03898177,36,0,0
040.32.05.002.01,10/1/16,0,4.543294782,8.006700845,13.03898177,36,0,0
040.43.06.027.00,9/1/16,0,4.927253685,7.40731771,10.95954023,36,0,0
040.43.10.010.00,8/1/16,0,0,7.956126351,6.684611728,14,0,1
040.43.10.010.00,8/1/16,0,0,7.956126351,6.684611728,14,0,1
040.43.12.031.00,6/1/16,0,4.905274778,7.724888439,12.64432758,36,0,0
040.44.01.039.00,7/1/16,0,4.59511985,7.090076836,8.342839804,21,0,1
040.44.01.040.00,2/1/16,0,4.615120517,7.090076836,10.4341158,36,0,0
040.44.01.040.00,2/1/16,0,4.615120517,7.090076836,10.4341158,36,0,0
040.44.08.021.00,10/1/16,0,4.248495242,7.696212639,8.342839804,19,1,0
040.44.09.044.00,10/1/16,0,4.912654886,7.861341796,11.74403719,36,0,0
040.44.09.044.00,10/1/16,0,4.912654886,7.861341796,11.74403719,36,0,0
040.44.10.002.00,7/1/16,0,4.983606622,7.901747519,11.92171836,36,0,0
040.44.14.001.00,8/1/16,0,4.634728988,7.87245515,12.59099485,36,0,0
040.44.17.010.00,8/1/16,0,3.970291914,7.756195344,12.67607627,12,0,1
040.44.17.012.00,9/1/16,0,5.062595033,7.901747519,11.22790651,36,0,0
040.44.18.016.00,9/1/16,0,4.691347882,7.941295571,10.46310334,36,0,0
041.33.04.010.00,9/1/16,0,4.927253685,7.818832444,11.56171563,36,0,0
041.33.06.044.00,9/1/16,0,4.584967479,7.235619141,10.80972795,8,0,1
041.33.06.044.00,6/1/16,0,4.584967479,7.235619141,10.80972795,8,0,1
041.33.07.006.00,9/1/16,0,4.779123493,7.252762418,10.91508846,5,0,1
041.40.31.012.00,10/1/16,0,3.871201011,7.084226422,11.2515607,25,0,1
041.40.31.012.00,10/1/16,0,3.871201011,7.084226422,11.2515607,25,0,1
042.30.00.084.01,2/1/16,0,5.236441963,8.133000219,12.72516401,36,0,0
042.30.00.084.01,2/1/16,0,5.236441963,8.133000219,12.72516401,36,0,0
045.00.00.022.00,2/1/16,0,0,6.980075941,11.28978191,36,0,0
045.00.00.022.00,2/1/16,0,0,6.980075941,11.28978191,36,0,0
045.00.00.031.00,10/1/16,0,3.951243719,7.065613364,10.94552949,10,1,0
045.00.01.191.00,2/1/16,0,2.890371758,7.526717561,11.84222921,29,0,1
045.00.01.191.00,2/1/16,0,2.890371758,7.526717561,11.84222921,29,0,1
045.00.01.197.00,10/1/16,0,2.890371758,7.273786318,11.72803684,6,1,0
045.00.01.197.00,9/1/16,0,2.890371758,7.273786318,11.72803684,6,1,0
045.00.01.264.00,8/1/16,0,2.890371758,7.455876687,11.87756858,36,0,0
045.00.02.032.00,10/1/16,0,2.772588722,8.372860821,12.80765263,36,0,0
045.00.02.032.00,10/1/16,0,2.772588722,8.372860821,12.80765263,36,0,0
045.10.00.004.00,7/1/16,0,4.406719247,7.007600614,9.952277717,36,0,0
045.10.01.080.03,7/1/16,0,2.995732274,7.305860033,11.97665948,36,0,0
045.10.01.093.00,9/1/16,0,3.044522438,7.467371067,12.06104687,36,0,0
045.10.01.099.00,9/1/16,0,3.044522438,7.841885929,11.97665948,16,0,1
045.10.01.105.00,8/1/16,0,2.995732274,7.630461262,11.55214618,36,0,0
045.10.01.123.00,10/1/16,0,3.044522438,7.620214771,11.64395373,4,1,0
045.10.01.123.00,9/1/16,0,3.044522438,7.620214771,11.64395373,4,1,0
045.30.00.017.00,6/1/16,0,3.688879454,7.215239979,11.08214255,36,0,0
045.30.00.238.00,8/1/16,0,3.713572067,7.235619141,10.80972795,7,0,1
045.30.00.287.00,9/1/16,0,3.871201011,6.856461985,10.1266311,36,0,0
045.30.00.287.00,1/1/16,0,3.871201011,6.856461985,10.1266311,36,0,0
045.30.00.314.00,6/1/16,0,3.951243719,7.384610383,11.51192496,36,0,0
045.30.00.490.00,8/1/16,0,4.007333185,6.882437471,11.71749763,36,0,0
045.30.00.539.00,6/1/16,0,3.688879454,7.299121463,11.58988651,36,0,0
045.30.00.650.00,6/1/16,0,3.871201011,7.092573716,11.60823564,36,0,0
045.30.01.033.00,6/1/16,0,2.944438979,7.38274645,11.46163217,8,0,1
045.30.01.033.00,6/1/16,0,2.944438979,7.38274645,11.46163217,8,0,1
045.30.01.033.00,6/1/16,0,2.944438979,7.38274645,11.46163217,8,0,1
045.40.00.142.00,6/1/16,1,3.044522438,6.933423026,11.6784399,36,0,0
045.40.00.178.02,8/1/16,0,4.584967479,7.336936914,11.48246626,36,0,0
054.14.12.011.00,9/1/16,0,4.927253685,7.996317232,13.00582956,26,0,1
054.14.15.007.00,2/1/16,0,4.736198448,8.76795191,14.25441044,36,0,0
054.14.15.007.00,2/1/16,0,4.736198448,8.76795191,14.25441044,36,0,0
054.14.15.008.00,6/1/16,0,4.770684624,9.274441297,0,36,0,0
054.21.02.003.00,10/1/16,0,5.062595033,8.06652149,11.29725393,36,0,0
054.21.02.003.00,10/1/16,0,5.062595033,8.06652149,11.29725393,36,0,0
054.21.05.010.00,8/1/16,0,5.062595033,7.952966791,12.44901882,36,0,0
054.21.06.023.00,6/1/16,0,4.521788577,7.688913337,11.79433792,36,0,0
054.21.10.002.00,10/1/16,0,4.955827058,7.14440718,11.53761808,36,0,0
054.21.13.017.00,10/1/16,0,3.555348061,7.012115294,11.77682701,36,0,0
054.21.13.017.00,10/1/16,0,3.555348061,7.012115294,11.77682701,36,0,0
054.22.10.004.00,8/1/16,0,4.521788577,7.272398393,10.6454249,36,0,0
054.22.10.004.00,6/1/16,0,4.521788577,7.272398393,10.6454249,36,0,0
054.22.12.024.00,6/1/16,0,4.770684624,7.672292456,10.9869862,36,0,0
054.22.12.033.00,2/1/16,0,4.882801923,7.667626092,12.29910751,36,0,0
054.22.12.033.00,2/1/16,0,4.882801923,7.667626092,12.29910751,36,0,0
054.22.17.005.00,6/1/16,1,4.852030264,7.339537695,11.75978554,36,0,0
054.22.37.007.00,7/1/16,0,4.543294782,7.98616486,10.98019501,15,0,1
054.22.37.007.00,7/1/16,0,4.543294782,7.98616486,10.98019501,15,0,1
054.22.39.003.00,2/1/16,0,4.927253685,8.60153434,12.59473064,36,0,0
054.22.39.003.00,2/1/16,0,4.927253685,8.60153434,12.59473064,36,0,0
054.23.11.001.07,9/1/16,0,0.693147181,7.995643604,12.78549106,36,0,0
054.23.11.001.09,8/1/16,0,0.693147181,7.742402022,12.7933036,36,0,0
054.23.15.007.00,10/1/16,0,4.983606622,7.339537695,10.1266311,6,0,1
054.23.15.007.00,10/1/16,0,4.983606622,7.339537695,10.1266311,6,0,1
054.23.19.007.01,9/1/16,0,4.852030264,7.696212639,12.34583459,36,0,0
054.23.25.004.00,7/1/16,0,4.736198448,8.099250562,12.10071213,36,0,0
054.23.25.012.00,9/1/16,0,4.736198448,8.033009499,12.31043266,36,0,0
054.24.06.018.00,10/1/16,0,4.691347882,8.026170195,11.22524339,36,0,0
054.24.06.018.00,10/1/16,0,4.691347882,8.026170195,11.22524339,36,0,0
054.24.06.019.00,2/1/16,0,4.736198448,8.078378104,10.858999,36,0,0
054.24.06.019.00,2/1/16,0,4.736198448,8.078378104,10.858999,36,0,0
054.24.11.012.00,10/1/16,0,4.672828834,7.521859252,10.70548914,13,0,1
054.24.11.012.00,10/1/16,0,4.672828834,7.521859252,10.70548914,13,0,1
054.24.21.011.00,6/1/16,1,1.098612289,7.059617628,11.69524702,14,0,1
054.24.27.026.00,6/1/16,0,4.356708827,7.584773078,8.987196821,36,0,0
055.11.05.010.00,7/1/16,0,4.521788577,7.038783541,10.37349118,36,0,0
055.11.08.006.00,2/1/16,0,5.030437921,7.063048163,8.612503371,26,0,1
055.11.08.006.00,2/1/16,0,5.030437921,7.063048163,8.612503371,26,0,1
055.11.08.006.00,1/1/16,0,5.030437921,7.063048163,8.612503371,26,0,1
055.11.08.007.00,10/1/16,0,4.859812404,7.149916836,10.41930072,10,1,0
055.11.08.007.00,9/1/16,0,4.859812404,7.149916836,10.41930072,10,1,0
055.11.11.004.00,8/1/16,0,4.700480366,7.318539549,10.02127059,19,0,1
055.11.17.018.00,7/1/16,0,4.852030264,7.40671073,10.59663473,13,0,1
055.11.17.018.00,7/1/16,0,4.852030264,7.40671073,10.59663473,13,0,1
055.11.17.040.00,10/1/16,0,4.770684624,7.183111702,10.73639668,16,0,1
055.11.19.002.00,8/1/16,0,4.744932128,7.588829878,11.65181746,36,0,0
055.11.32.028.00,2/1/16,0,4.770684624,7.431299675,9.61580548,36,0,0
055.11.32.028.00,2/1/16,0,4.770684624,7.431299675,9.61580548,36,0,0
055.12.01.008.00,6/1/16,1,4.343805422,6.948897222,10.84933709,36,0,0
055.12.02.032.00,7/1/16,1,4.477336814,7.613818685,11.65268741,36,0,0
055.12.02.043.00,6/1/16,0,4.49980967,7.689371108,11.80559508,36,0,0
055.12.02.061.00,2/1/16,0,4.691347882,7.880804345,11.76756768,36,0,0
055.12.02.061.00,2/1/16,0,4.691347882,7.880804345,11.76756768,36,0,0
055.12.03.009.00,6/1/16,1,4.65396035,6.840546529,10.93310697,25,0,1
055.12.03.014.00,7/1/16,0,4.852030264,6.866933284,10.53209621,36,0,0
055.12.08.010.00,6/1/16,0,4.736198448,7.473069088,11.00209984,16,0,1
055.12.08.010.00,6/1/16,0,4.736198448,7.473069088,11.00209984,16,0,1
055.12.09.026.00,6/1/16,0,4.262679877,7.064759028,11.35040654,36,0,0
055.12.10.001.00,9/1/16,0,4.584967479,7.871692664,11.07906088,13,0,1
055.12.10.001.00,9/1/16,0,4.584967479,7.871692664,11.07906088,13,0,1
055.12.10.006.01,7/1/16,0,4.532599493,7.321188557,11.71993963,36,0,0
055.12.12.015.00,7/1/16,0,4.859812404,6.70930434,10.04324949,22,0,1
055.12.14.001.00,7/1/16,0,4.521788577,7.065613364,11.34922937,36,0,0
055.12.17.014.00,9/1/16,0,4.812184355,7.70616297,10.88743693,36,0,0
055.12.19.019.00,9/1/16,0,4.553876892,7.506042179,10.94376426,5,1,0
055.12.20.024.00,9/1/16,0,4.624972813,7.513163545,11.87756858,36,0,0
055.12.22.014.00,9/1/16,1,4.691347882,7.577121931,11.4019939,36,0,0
055.12.23.020.00,8/1/16,1,4.691347882,6.879355804,11.28853113,36,0,0
055.12.23.033.00,6/1/16,0,4.736198448,7.229113878,11.26446411,24,0,1
055.13.04.004.00,8/1/16,0,4.615120517,7.860185057,10.74935582,14,0,1
055.13.07.030.00,8/1/16,0,4.49980967,7.632885505,9.680344001,12,0,1
055.13.08.005.00,8/1/16,0,4.770684624,7.693481641,10.79137881,9,0,1
055.13.08.005.00,8/1/16,0,4.770684624,7.693481641,10.79137881,9,0,1
055.13.08.005.00,8/1/16,0,4.770684624,7.693481641,10.79137881,9,0,1
055.13.15.015.00,7/1/16,0,4.691347882,7.239932591,10.81977828,36,0,0
055.14.02.004.00,1/1/16,0,4.634728988,7.392031568,11.47729829,36,0,0
055.14.02.006.00,10/1/16,0,4.644390899,6.89060912,11.26446411,36,0,0
055.14.02.006.00,10/1/16,0,4.644390899,6.89060912,11.26446411,36,0,0
055.14.02.023.00,10/1/16,1,4.532599493,7.809947086,10.35774282,26,0,1
055.14.02.023.00,10/1/16,1,4.532599493,7.809947086,10.35774282,26,0,1
055.14.02.026.00,10/1/16,0,4.644390899,7.760467029,11.08214255,36,0,0
055.14.02.026.00,10/1/16,0,4.644390899,7.760467029,11.08214255,36,0,0
055.14.06.027.00,2/1/16,0,5.123963979,7.379632153,9.104979856,36,0,0
055.14.06.027.00,2/1/16,0,5.123963979,7.379632153,9.104979856,36,0,0
055.14.17.001.00,10/1/16,0,4.644390899,7.892825526,11.56171563,36,0,0
055.14.17.001.00,10/1/16,0,4.644390899,7.892825526,11.56171563,36,0,0
055.14.17.005.00,8/1/16,0,4.691347882,7.412160335,11.28978191,36,0,0
055.14.17.009.00,2/1/16,0,4.820281566,7.799753318,11.22524339,25,0,1
055.14.17.012.00,8/1/16,0,4.820281566,7.385230923,10.46310334,36,0,0
055.14.18.014.00,6/1/16,0,4.859812404,7.580699752,10.41331268,9,1,0
055.14.19.010.01,7/1/16,0,4.736198448,7.437795122,11.73606902,36,0,0
055.14.21.030.00,2/1/16,0,4.820281566,6.849066283,10.4341158,36,0,0
055.14.21.030.00,2/1/16,0,4.820281566,6.849066283,10.4341158,36,0,0
055.14.26.005.00,8/1/16,0,4.510859507,7.630461262,10.6454249,36,0,0
055.14.26.008.00,10/1/16,0,4.820281566,7.303843225,10.83958091,36,0,0
055.14.26.008.00,10/1/16,0,4.820281566,7.303843225,10.83958091,36,0,0
055.14.27.034.00,6/1/16,0,4.727387819,8.119100838,12.9360338,17,0,1
055.14.27.034.00,6/1/16,0,4.727387819,8.119100838,12.9360338,17,0,1
055.14.27.046.00,9/1/16,0,4.644390899,7.544332108,11.26446411,36,0,0
055.20.02.006.00,9/1/16,0,3.761200116,7.107425474,11.51292546,36,0,0
055.20.06.001.08,6/1/16,0,4.025351691,7.109879463,11.53272809,36,0,0
055.20.08.001.02,8/1/16,0,4.043051268,7.43366654,11.29103113,12,1,0
055.20.08.002.00,7/1/16,0,4.043051268,7.257002707,11.65702581,36,0,0
055.20.10.025.01,1/1/16,1,4.025351691,7.43366654,11.66134547,36,0,0
055.21.01.106.00,10/1/16,0,3.091042453,7.869401713,11.79960704,36,0,0
055.21.01.114.00,9/1/16,0,3.091042453,7.869401713,11.77528973,36,0,0
055.21.01.137.00,7/1/16,0,3.135494216,8.011023379,12.52597987,36,0,0
055.21.01.148.00,9/1/16,0,3.36729583,7.841099765,12.3566455,36,0,0
055.21.01.172.00,8/1/16,0,2.944438979,7.816013839,11.64395373,36,0,0
055.21.03.012.00,6/1/16,0,4.852030264,7.372746366,10.47163824,11,1,0
055.21.04.022.00,7/1/16,0,4.521788577,6.429719478,10.04324949,28,0,1
055.21.04.023.00,6/1/16,0,4.521788577,6.913737351,10.41331268,11,1,0
055.23.02.034.00,2/1/16,0,5.056245805,6.995766156,8.853665428,36,0,0
055.23.02.034.00,2/1/16,0,5.056245805,6.995766156,8.853665428,36,0,0
055.23.09.023.00,2/1/16,0,4.521788577,6.753437919,10.39513036,36,0,0
055.23.09.023.00,2/1/16,0,4.521788577,6.753437919,10.39513036,36,0,0
055.23.09.024.00,2/1/16,0,4.521788577,6.853299093,10.60658506,14,0,1
055.23.09.024.00,2/1/16,0,4.521788577,6.853299093,10.60658506,14,0,1
055.23.09.024.00,2/1/16,0,4.521788577,6.853299093,10.60658506,14,0,1
055.23.09.024.00,2/1/16,0,4.521788577,6.853299093,10.60658506,14,0,1
055.23.09.024.00,8/1/16,0,4.521788577,6.853299093,10.60658506,14,0,1
055.23.09.024.00,8/1/16,0,4.521788577,6.853299093,10.60658506,14,0,1
055.23.09.029.00,7/1/16,0,4.248495242,6.708084084,10.81977828,5,1,0
055.23.10.012.00,2/1/16,0,4.510859507,6.907755279,10.46310334,36,0,0
055.23.10.012.00,2/1/16,0,4.510859507,6.907755279,10.46310334,36,0,0
055.23.10.015.00,6/1/16,0,4.543294782,7.068172,11.07286891,29,0,1
055.23.11.017.00,8/1/16,0,4.779123493,6.665683718,10.30895266,11,0,1
055.23.11.017.00,8/1/16,0,4.779123493,6.665683718,10.30895266,11,0,1
055.23.11.019.00,2/1/16,0,4.521788577,6.562444094,9.740968623,36,0,0
055.23.11.019.00,2/1/16,0,4.521788577,6.562444094,9.740968623,36,0,0
055.23.16.001.00,8/1/16,0,4.770684624,7.849323818,11.91170158,36,0,0
055.23.17.004.00,7/1/16,0,4.779123493,7.918628653,11.10796023,25,0,1
055.23.17.004.00,7/1/16,0,4.779123493,7.918628653,11.10796023,25,0,1
055.23.18.010.00,6/1/16,0,4.691347882,6.633318433,9.400960732,36,0,0
055.23.18.018.00,6/1/16,0,4.564348191,7.439559309,11.03488966,36,0,0
055.23.19.001.00,6/1/16,0,4.736198448,7.818027939,10.60905725,7,1,0
055.23.19.001.00,9/1/16,0,4.736198448,7.818027939,10.60905725,7,1,0
055.23.20.013.00,8/1/16,0,4.574710979,7.458762692,10.90595598,36,0,0
055.23.20.014.00,9/1/16,0,4.574710979,7.206377291,11.31447453,36,0,0
055.24.02.006.00,7/1/16,0,4.543294782,7.436027816,10.59663473,36,0,0
055.24.02.012.00,9/1/16,0,4.672828834,6.601230119,11.08214255,36,0,0
055.24.02.014.00,10/1/16,0,4.584967479,7.557994959,11.70766954,26,0,1
055.24.02.014.00,10/1/16,0,4.584967479,7.557994959,11.70766954,26,0,1
055.24.07.013.00,8/1/16,0,4.521788577,7.403061091,10.23995979,36,0,0
055.24.10.008.00,2/1/16,0,4.33073334,6.779921907,11.12726298,36,0,0
055.24.10.008.00,2/1/16,0,4.33073334,6.779921907,11.12726298,36,0,0
055.24.11.004.00,7/1/16,0,4.234106505,6.146329258,9.546812609,36,0,0
055.24.11.008.00,10/1/16,0,4.574710979,7.009408933,10.49127422,17,0,1
055.24.11.008.00,10/1/16,0,4.574710979,7.009408933,10.49127422,17,0,1
055.24.12.004.00,1/1/16,0,4.510859507,7.700747795,10.65960953,13,0,1
055.31.01.014.00,10/1/16,0,4.820281566,7.02464903,8.517193191,36,0,0
055.31.01.015.00,2/1/16,0,4.820281566,7.121252453,8.987196821,36,0,0
055.31.01.015.00,2/1/16,0,4.820281566,7.121252453,8.987196821,36,0,0
055.31.03.039.00,10/1/16,0,2.944438979,7.272398393,10.74935582,12,1,0
055.31.10.020.00,10/1/16,0,4.709530201,7.239214974,10.50780352,3,1,0
055.31.12.006.00,2/1/16,0,4.584967479,7.885329239,10.74935582,10,1,0
055.31.12.006.00,2/1/16,0,4.584967479,7.885329239,10.74935582,10,1,0
055.31.13.004.00,2/1/16,0,4.605170186,7.038783541,10.1266311,36,0,0
055.31.13.004.00,2/1/16,0,4.605170186,7.038783541,10.1266311,36,0,0
055.31.15.013.00,10/1/16,0,4.812184355,7.261225092,10.37972173,2,1,0
055.31.20.009.00,2/1/16,0,4.521788577,6.91968385,10.77058804,36,0,0
055.31.20.009.00,2/1/16,0,4.521788577,6.91968385,10.77058804,36,0,0
055.31.25.006.00,7/1/16,0,4.852030264,7.25981961,10.20359214,27,0,1
055.31.27.001.02,7/1/16,0,4.477336814,6.746412129,10.91508846,36,0,0
055.32.01.006.00,2/1/16,1,4.691347882,8.111928063,11.22524339,36,0,0
055.32.01.006.00,2/1/16,1,4.691347882,8.111928063,11.22524339,36,0,0
055.32.03.022.00,6/1/16,0,4.691347882,7.542213463,11.91839057,36,0,0
055.32.04.003.00,10/1/16,0,4.779123493,6.981005741,10.35456317,36,0,0
055.32.04.003.00,10/1/16,0,4.779123493,6.981005741,10.35456317,36,0,0
055.32.04.022.00,7/1/16,0,4.934473933,7.096721378,10.71441777,36,0,0
055.32.04.040.00,10/1/16,0,4.736198448,7.60190196,11.28978191,36,0,0
055.32.04.062.00,2/1/16,0,4.859812404,7.879291485,11.35040654,36,0,0
055.32.04.062.00,2/1/16,0,4.859812404,7.879291485,11.35040654,36,0,0
055.32.05.008.00,8/1/16,1,4.709530201,7.476472381,11.19134184,20,0,1
055.32.05.008.00,8/1/16,1,4.709530201,7.476472381,11.19134184,20,0,1
055.32.07.010.00,9/1/16,0,4.691347882,7.976251944,12.56897814,36,0,0
055.32.08.008.00,2/1/16,0,4.736198448,8.184513753,12.70836194,36,0,0
055.32.08.008.00,2/1/16,0,4.736198448,8.184513753,12.70836194,36,0,0
055.32.09.013.00,7/1/16,0,4.564348191,6.675823222,10.41331268,16,1,0
055.32.09.013.00,7/1/16,0,4.564348191,6.675823222,10.41331268,16,1,0
055.32.09.013.00,8/1/16,0,4.564348191,6.675823222,10.41331268,16,1,0
055.32.09.013.00,8/1/16,0,4.564348191,6.675823222,10.41331268,16,1,0
055.32.10.001.00,2/1/16,0,4.644390899,7.829232538,11.3083583,36,0,0
055.32.10.001.00,2/1/16,0,4.644390899,7.829232538,11.3083583,36,0,0
055.32.10.023.00,2/1/16,0,4.795790546,7.397561536,8.987196821,20,0,1
055.32.10.023.00,2/1/16,0,4.795790546,7.397561536,8.987196821,20,0,1
055.32.10.024.00,6/1/16,0,4.736198448,7.571473649,11.46163217,36,0,0
055.32.11.004.00,8/1/16,0,4.718498871,7.339537695,10.5865844,6,1,0
055.32.12.003.00,10/1/16,0,4.779123493,7.44716836,10.41331268,12,0,1
055.32.12.003.00,7/1/16,0,4.779123493,7.44716836,10.41331268,12,0,1
055.32.14.004.00,1/1/16,0,4.682131227,7.253470383,11.04292184,33,0,1
055.32.16.011.00,2/1/16,0,4.736198448,6.866933284,11.08214255,36,0,0
055.32.16.011.00,2/1/16,0,4.736198448,6.866933284,11.08214255,36,0,0
055.32.20.004.00,7/1/16,0,4.820281566,6.797940413,9.952277717,7,0,1
055.32.21.008.00,6/1/16,0,3.951243719,6.761572769,11.00209984,36,0,0
055.32.21.008.00,8/1/16,0,3.951243719,6.761572769,11.00209984,36,0,0
055.32.21.009.00,10/1/16,0,4.820281566,6.421622268,8.987196821,36,0,0
055.32.23.016.00,8/1/16,0,4.691347882,7.644440762,11.74006104,36,0,0
055.32.23.018.00,7/1/16,0,4.644390899,7.558516743,11.56171563,36,0,0
055.32.27.001.00,9/1/16,1,4.382026635,7.074116816,10.93310697,36,0,0
055.32.27.027.00,10/1/16,1,4.65396035,7.052721049,11.07751648,36,0,0
055.32.27.038.00,6/1/16,0,4.532599493,7.098375639,10.20359214,7,0,1
055.32.28.016.00,6/1/16,0,3.465735903,7.398174093,11.59910316,36,0,0
055.32.28.017.00,9/1/16,1,4.644390899,7.180069874,11.23717196,14,0,1
055.32.31.005.00,10/1/16,0,4.59511985,7.189922171,11.19821472,36,0,0
055.32.31.005.00,10/1/16,0,4.59511985,7.189922171,11.19821472,36,0,0
055.32.31.011.00,9/1/16,0,4.510859507,7.096721378,11.75900399,36,0,0
055.32.32.003.00,10/1/16,0,4.553876892,7.220373837,11.22390917,36,0,0
055.32.33.023.00,8/1/16,0,4.615120517,7.65396918,10.99373159,10,0,1
055.41.02.020.00,10/1/16,0,4.672828834,7.451241685,10.1064284,24,0,1
055.41.02.020.00,10/1/16,0,4.672828834,7.451241685,10.1064284,24,0,1
055.41.02.020.00,2/1/16,0,4.672828834,7.451241685,10.1064284,24,0,1
055.41.02.020.00,2/1/16,0,4.672828834,7.451241685,10.1064284,24,0,1
055.41.05.011.00,6/1/16,0,4.49980967,7.536363938,0,36,0,0
055.41.08.006.00,7/1/16,0,4.59511985,6.93439721,10.56100756,5,1,0
055.41.09.009.00,6/1/16,0,4.094344562,7.360103973,11.76368418,36,0,0
055.41.09.016.00,6/1/16,0,4.127134385,7.383989458,12.01612206,26,0,1
055.41.09.022.00,8/1/16,0,4.189654742,6.841615476,11.46163217,8,0,1
055.41.10.016.00,10/1/16,0,4.17438727,7.02464903,11.46163217,36,0,0
055.41.10.016.00,10/1/16,0,4.17438727,7.02464903,11.46163217,36,0,0
055.41.14.002.00,6/1/16,0,4.543294782,7.100027167,11.66992921,36,0,0
055.42.01.004.00,7/1/16,0,4.510859507,7.599901959,9.510444964,36,0,0
055.42.01.004.00,8/1/16,0,4.510859507,7.599901959,9.510444964,36,0,0
055.42.01.021.00,1/1/16,1,4.584967479,7.574558484,9.449357272,13,0,1
056.11.01.040.00,9/1/16,0,4.510859507,7.314552832,11.1124479,36,0,0
056.11.01.053.00,10/1/16,0,4.615120517,7.050989447,11.15625052,36,0,0
056.11.02.006.00,6/1/16,0,4.553876892,7.049254841,8.853665428,7,0,1
056.11.02.020.00,9/1/16,0,4.691347882,7.090076836,10.54796956,16,0,1
056.11.02.024.00,6/1/16,0,4.663439094,7.025538315,10.16585182,36,0,0
056.11.02.029.00,6/1/16,0,4.584967479,7.440733707,10.81977828,2,1,0
056.11.02.029.00,8/1/16,0,4.584967479,7.440733707,10.81977828,2,1,0
056.11.02.040.00,9/1/16,0,4.543294782,6.606650186,10.25414442,36,0,0
056.11.05.021.00,2/1/16,0,4.543294782,6.956545443,9.952277717,33,0,1
056.11.05.021.00,2/1/16,0,4.543294782,6.956545443,9.952277717,33,0,1
056.11.06.018.00,8/1/16,0,4.543294782,7.647308832,11.87059991,36,0,0
056.11.07.004.00,2/1/16,0,4.59511985,7.23417718,9.998797732,36,0,0
056.11.07.004.00,2/1/16,0,4.59511985,7.23417718,9.998797732,36,0,0
056.11.07.023.00,7/1/16,0,4.553876892,7.116394144,10.38899537,36,0,0
056.11.07.070.00,6/1/16,0,4.248495242,7.069874128,11.6351431,36,0,0
056.11.08.026.00,6/1/16,0,4.564348191,7.389563954,10.59663473,36,0,0
056.11.08.035.00,6/1/16,0,4.077537444,7.109879463,11.02679245,9,0,1
056.11.08.051.00,6/1/16,0,4.574710979,7.425953657,10.54534144,24,0,1
056.11.08.056.00,10/1/16,0,4.59511985,7.25981961,11.47210347,36,0,0
056.11.08.077.00,7/1/16,0,4.59511985,7.208600338,11.28978191,36,0,0
056.12.02.001.00,9/1/16,1,4.521788577,6.739336627,11.35040654,36,0,0
056.12.02.002.00,10/1/16,1,4.521788577,6.728628613,11.08214255,36,0,0
056.12.03.006.00,8/1/16,1,4.753590191,7.271008538,11.32297488,36,0,0
056.12.03.016.00,2/1/16,0,4.543294782,6.886531643,11.22524339,33,0,1
056.12.03.016.00,2/1/16,0,4.543294782,6.886531643,11.22524339,33,0,1
056.12.04.003.00,2/1/16,0,4.644390899,6.907755279,9.913437883,36,0,0
056.12.04.003.00,2/1/16,0,4.644390899,6.907755279,9.913437883,36,0,0
056.12.06.001.00,7/1/16,0,4.736198448,7.692569648,10.54534144,22,0,1
056.12.06.001.00,2/1/16,0,4.736198448,7.692569648,10.54534144,22,0,1
056.12.06.001.00,2/1/16,0,4.736198448,7.692569648,10.54534144,22,0,1
056.12.08.008.00,9/1/16,0,4.532599493,7.486613313,10.54270639,36,0,0
056.12.11.007.00,6/1/16,0,4.644390899,6.900730664,10.77895629,36,0,0
056.12.15.001.00,7/1/16,0,4.59511985,6.71417053,9.928180165,36,0,0
056.12.15.002.00,6/1/16,0,4.59511985,7.084226422,11.07131491,36,0,0
056.12.15.005.00,10/1/16,0,5.384495063,7.717796211,10.17351469,12,0,1
056.12.16.008.00,6/1/16,1,4.584967479,6.897704943,11.01862914,36,0,0
056.12.16.016.00,7/1/16,0,4.59511985,6.843749949,10.65960953,4,1,0
056.12.16.016.00,6/1/16,0,4.59511985,6.843749949,10.65960953,4,1,0
056.13.02.002.00,8/1/16,0,4.248495242,6.879355804,10.858999,36,0,0
056.13.02.047.00,1/1/16,0,4.553876892,7.521859252,11.2515607,36,0,0
056.13.02.065.00,6/1/16,0,4.644390899,7.408530567,9.975808214,36,0,0
056.13.02.071.00,7/1/16,0,4.59511985,7.449498005,11.62625415,36,0,0
056.13.04.006.00,10/1/16,0,4.736198448,7.601402335,10.80972795,36,0,0
056.13.04.011.01,6/1/16,0,4.736198448,7.624618986,10.64780302,36,0,0
056.13.05.006.00,10/1/16,0,4.564348191,7.154615357,11.36210258,36,0,0
056.13.07.009.00,8/1/16,0,4.521788577,7.544332108,11.01369898,12,0,1
056.13.07.009.00,2/1/16,0,4.521788577,7.544332108,11.01369898,12,0,1
056.13.07.009.00,2/1/16,0,4.521788577,7.544332108,11.01369898,12,0,1
056.13.08.021.00,7/1/16,0,4.521788577,7.249215057,11.28978191,36,0,0
056.13.12.010.00,2/1/16,0,4.521788577,7.325148958,11.39639165,36,0,0
056.13.12.010.00,2/1/16,0,4.521788577,7.325148958,11.39639165,36,0,0
056.13.12.012.00,9/1/16,0,4.532599493,6.9117473,0,20,0,1
056.13.13.006.00,2/1/16,1,4.521788577,7.064759028,10.87993221,30,0,1
056.13.13.006.00,2/1/16,1,4.521788577,7.064759028,10.87993221,30,0,1
056.13.14.008.00,9/1/16,0,4.382026635,7.255591274,10.88743693,21,1,0
056.13.14.026.00,9/1/16,0,4.718498871,7.412160335,11.51292546,36,0,0
056.13.15.003.00,10/1/16,0,4.553876892,7.203405521,11.49781183,36,0,0
056.13.15.003.00,10/1/16,0,4.553876892,7.203405521,11.49781183,36,0,0
056.14.01.006.00,8/1/16,0,4.553876892,7.13169851,10.9560559,3,1,0
056.14.08.003.00,6/1/16,0,4.521788577,7.344719054,10.75149944,6,1,0
056.14.13.016.00,2/1/16,0,4.510859507,6.907755279,10.78931908,36,0,0
056.14.13.016.00,2/1/16,0,4.510859507,6.907755279,10.78931908,36,0,0
056.14.14.006.00,6/1/16,0,4.615120517,7.642524134,11.32055357,36,0,0
056.23.01.011.00,6/1/16,0,4.644390899,7.226936018,10.1266311,36,0,0
056.23.01.014.00,10/1/16,0,4.584967479,7.418180823,11.39639165,36,0,0
056.23.02.028.00,10/1/16,0,4.33073334,7.023758955,11.57119437,36,0,0
056.23.02.028.00,10/1/16,0,4.33073334,7.023758955,11.57119437,36,0,0
056.23.03.003.00,9/1/16,0,4.262679877,6.997595983,11.6784399,36,0,0
056.31.01.004.00,9/1/16,0,4.248495242,7.084226422,11.35040654,36,0,0
056.31.02.009.00,6/1/16,0,4.644390899,7.19518732,10.6454249,11,0,1
056.31.06.010.00,6/1/16,0,4.8978398,7.997663127,11.32659589,30,0,1
056.31.07.016.00,2/1/16,0,4.615120517,6.689599269,10.46310334,36,0,0
056.31.07.016.00,2/1/16,0,4.615120517,6.689599269,10.46310334,36,0,0
056.31.10.016.00,6/1/16,0,4.521788577,7.225481473,10.40426284,36,0,0
056.31.11.013.00,9/1/16,0,4.077537444,7.66293785,11.48760766,36,0,0
056.31.23.005.00,8/1/16,0,4.59511985,7.762170607,11.81303006,36,0,0
056.32.05.014.00,6/1/16,0,4.615120517,7.521859252,11.35040654,36,0,0
056.32.06.003.00,7/1/16,0,4.574710979,7.293697721,10.95954023,36,0,0
056.32.06.015.00,6/1/16,0,4.615120517,6.936342736,10.78931908,36,0,0
056.32.07.008.00,9/1/16,1,4.736198448,7.397561536,11.35040654,36,0,0
056.32.10.013.00,6/1/16,0,4.574710979,6.769641977,11.00209984,36,0,0
056.32.12.026.00,9/1/16,0,4.736198448,7.428927195,11.58058411,36,0,0
056.32.14.013.00,7/1/16,0,4.553876892,7.82084088,11.65268741,36,0,0
056.32.20.013.00,10/1/16,0,4.736198448,7.632401127,10.73639668,5,1,0
056.32.22.031.00,7/1/16,1,4.59511985,7.068172,9.952277717,27,0,1
056.32.23.008.00,2/1/16,0,4.691347882,7.049254841,9.126958763,7,1,0
056.32.23.008.00,2/1/16,0,4.691347882,7.049254841,9.126958763,7,1,0
056.32.23.008.00,9/1/16,0,4.691347882,7.049254841,9.126958763,7,1,0
056.32.23.018.00,2/1/16,0,4.736198448,7.003065459,9.903487553,36,0,0
056.32.23.018.00,2/1/16,0,4.736198448,7.003065459,9.903487553,36,0,0
056.32.23.028.00,1/1/16,0,4.65396035,7.576609767,11.51292546,36,0,0
056.32.25.007.00,2/1/16,0,4.663439094,7.461640392,11.39639165,36,0,0
056.32.25.007.00,2/1/16,0,4.663439094,7.461640392,11.39639165,36,0,0
056.32.25.022.00,2/1/16,0,4.543294782,7.154615357,8.342839804,36,0,0
056.32.25.022.00,2/1/16,0,4.543294782,7.154615357,8.342839804,36,0,0
056.32.26.012.00,8/1/16,0,4.59511985,7.317212408,11.58524613,13,0,1
056.32.26.016.00,2/1/16,0,4.204692619,7.319202459,11.51292546,36,0,0
056.32.26.016.00,2/1/16,0,4.204692619,7.319202459,11.51292546,36,0,0
056.32.27.016.00,8/1/16,0,4.736198448,7.708859601,10.46310334,36,0,0
056.32.27.021.00,10/1/16,0,4.234106505,7.436027816,10.91508846,36,0,0
056.33.01.006.00,2/1/16,0,4.584967479,7.459338895,11.35040654,26,0,1
056.33.01.006.00,2/1/16,0,4.584967479,7.459338895,11.35040654,26,0,1
056.33.01.006.00,2/1/16,0,4.584967479,7.459338895,11.35040654,26,0,1
056.33.01.006.00,2/1/16,0,4.584967479,7.459338895,11.35040654,26,0,1
056.33.01.010.00,6/1/16,0,4.736198448,7.562161631,11.1124479,36,0,0
056.34.01.028.00,6/1/16,0,4.770684624,7.107425474,11.35040654,36,0,0
056.34.04.012.00,6/1/16,0,4.553876892,7.006695227,11.32055357,36,0,0
056.34.05.004.00,10/1/16,1,4.691347882,6.632001777,11.1844214,36,0,0
056.34.05.004.00,10/1/16,1,4.691347882,6.632001777,11.1844214,36,0,0
056.34.05.009.00,6/1/16,0,4.49980967,7.448916103,9.61580548,36,0,0
056.34.06.014.00,9/1/16,0,4.672828834,7.471363088,10.63103616,12,0,1
056.34.06.014.00,9/1/16,0,4.672828834,7.471363088,10.63103616,12,0,1
056.34.07.016.00,10/1/16,0,4.615120517,7.521859252,11.35040654,3,1,0
056.34.07.016.00,7/1/16,0,4.615120517,7.521859252,11.35040654,3,1,0
056.34.08.004.00,6/1/16,1,4.543294782,7.090076836,10.97678203,36,0,0
056.34.08.004.00,10/1/16,1,4.543294782,7.090076836,10.97678203,36,0,0
056.34.08.012.00,7/1/16,0,4.691347882,6.802394763,10.81977828,36,0,0
056.34.08.013.00,8/1/16,0,4.521788577,6.523562306,10.02127059,36,0,0
056.34.08.017.00,10/1/16,0,4.521788577,7.190676034,9.740968623,7,0,1
056.34.08.017.00,10/1/16,0,4.521788577,7.190676034,9.740968623,7,0,1
056.41.01.005.00,6/1/16,0,4.691347882,7.342131731,11.36210258,36,0,0
056.41.01.008.00,10/1/16,0,4.543294782,6.766191715,11.22524339,3,0,1
056.41.02.012.00,9/1/16,1,4.564348191,6.9902565,11.21046811,36,0,0
056.41.02.013.00,9/1/16,0,4.691347882,7.553810852,11.66992921,36,0,0
056.41.02.052.00,7/1/16,0,4.663439094,7.695757991,11.28978191,26,0,1
056.41.03.004.00,9/1/16,0,4.564348191,7.570443252,11.59818531,36,0,0
056.41.03.055.00,6/1/16,0,4.779123493,7.574045005,11.1124479,9,0,1
056.41.03.055.00,6/1/16,0,4.779123493,7.574045005,11.1124479,9,0,1
056.41.04.028.00,8/1/16,0,4.49980967,7.549082711,10.30895266,12,0,1
056.41.04.038.00,7/1/16,0,4.691347882,7.07834158,10.96819829,17,0,1
056.41.06.007.00,1/1/16,0,4.553876892,7.605392365,10.20359214,36,0,0
056.41.07.010.00,6/1/16,0,4.532599493,7.11395611,10.81977828,8,1,0
056.41.07.011.00,9/1/16,0,4.736198448,7.387709239,11.4019939,36,0,0
056.41.07.016.00,6/1/16,0,4.543294782,6.715383386,10.78931908,36,0,0
056.41.08.004.00,9/1/16,1,4.644390899,6.889591308,10.41331268,25,0,1
056.41.08.004.00,9/1/16,1,4.644390899,6.889591308,10.41331268,25,0,1
056.41.08.008.00,9/1/16,0,4.574710979,7.695303135,10.59663473,36,0,0
056.41.10.017.00,7/1/16,0,4.644390899,6.866933284,9.798127037,36,0,0
056.42.01.019.00,2/1/16,0,4.691347882,7.054449658,9.898475011,36,0,0
056.42.01.019.00,10/1/16,0,4.691347882,7.054449658,9.898475011,36,0,0
056.42.01.019.00,2/1/16,0,4.691347882,7.054449658,9.898475011,36,0,0
056.42.01.021.00,8/1/16,0,4.736198448,6.97634807,9.903487553,17,0,1
056.42.01.042.00,2/1/16,0,4.615120517,7.512071246,10.96819829,36,0,0
056.42.01.042.00,2/1/16,0,4.615120517,7.512071246,10.96819829,36,0,0
056.42.01.042.00,10/1/16,0,4.615120517,7.512071246,10.96819829,36,0,0
056.42.01.079.00,6/1/16,0,4.615120517,7.280697195,11.55214618,36,0,0
056.42.01.080.00,6/1/16,0,4.532599493,7.326465614,10.94376426,5,1,0
056.42.01.080.00,8/1/16,0,4.532599493,7.326465614,10.94376426,5,1,0
056.42.02.018.00,8/1/16,0,4.553876892,7.261225092,11.44035477,36,0,0
056.43.01.003.00,9/1/16,0,4.532599493,7.061334367,10.61152335,13,0,1
056.43.01.003.00,9/1/16,0,4.532599493,7.061334367,10.61152335,13,0,1
056.43.01.003.00,9/1/16,0,4.532599493,7.061334367,10.61152335,13,0,1
056.43.01.013.00,9/1/16,0,4.543294782,7.33628566,11.26446411,36,0,0
056.43.04.011.00,9/1/16,1,4.615120517,7.329093736,11.16336799,36,0,0
056.43.07.008.00,9/1/16,0,4.543294782,7.440733707,11.20504069,36,0,0
056.43.08.013.00,10/1/16,1,4.521788577,7.085901464,11.17745273,36,0,0
056.43.08.013.00,10/1/16,1,4.521788577,7.085901464,11.17745273,36,0,0
056.43.08.017.00,6/1/16,0,4.65396035,6.987490247,10.04324949,16,0,1
056.43.09.019.00,7/1/16,0,4.521788577,6.858565035,10.37349118,6,1,0
056.43.09.019.00,6/1/16,0,4.521788577,6.858565035,10.37349118,6,1,0
056.43.09.023.00,8/1/16,0,4.510859507,7.465082736,11.28978191,36,0,0
056.43.10.003.00,10/1/16,0,4.644390899,7.368339686,11.26702493,10,0,1
056.43.10.003.00,10/1/16,0,4.644390899,7.368339686,11.26702493,10,0,1
056.43.10.003.00,10/1/16,0,4.644390899,7.368339686,11.26702493,10,0,1
056.43.10.018.00,6/1/16,0,4.219507705,7.124478262,11.42954386,36,0,0
056.44.01.009.00,9/1/16,0,4.691347882,7.261225092,9.740968623,12,0,1
056.44.01.009.00,8/1/16,0,4.691347882,7.261225092,9.740968623,12,0,1
058.40.00.221.00,8/1/16,0,4.077537444,7.171656823,11.91772368,36,0,0
059.00.00.003.15,10/1/16,0,3.17805383,7.730174795,11.8493977,36,0,0
059.00.00.003.15,10/1/16,0,3.17805383,7.730174795,11.8493977,36,0,0
059.00.00.003.24,10/1/16,0,3.17805383,7.95927596,11.73606902,36,0,0
059.00.00.003.24,10/1/16,0,3.17805383,7.95927596,11.73606902,36,0,0
059.00.00.003.43,7/1/16,0,3.044522438,7.985484357,12.17044547,36,0,0
059.30.00.023.00,8/1/16,0,4.110873864,7.146772179,11.18996158,16,1,0
059.30.10.004.00,10/1/16,0,2.890371758,8.001355026,12.28995413,36,0,0
059.30.10.063.00,9/1/16,0,2.890371758,8.063377822,12.50617724,36,0,0
059.30.10.073.00,2/1/16,0,2.890371758,7.964155719,12.24529336,36,0,0
059.30.10.073.00,2/1/16,0,2.890371758,7.964155719,12.24529336,36,0,0